,freq,T_total,T_zeroth,n_points,n_m0,n_eff,m,eps_real,eps_imag,mu_real,mu_imag
0,0.659,0.6250375608740867,0.36608304114077966,-0.11620574765287195,-0.005607544579140465,-0.14355760665666842,-1,-1.4614393166655666,-0.35201093303411657,-0.012961939643632394,0.004576300660481816
1,0.6595050505050505,0.5739402111997508,0.33625187406152873,-0.10776245679800275,0.0067465143026938295,-0.13109790529571944,-1,-0.379331276934937,-0.6984116027021973,-0.006047776681434793,0.021030022343456814
2,0.660010101010101,0.4826076129224237,0.28212030019435247,-0.09887863874304086,0.011363173060368482,-0.1263757657376297,-1,-0.21954623508869392,-0.42346870730674163,-0.004776075236871793,0.0341317528413457
3,0.6605151515151515,0.39080221573163393,0.22729959780260972,-0.09115684102560967,0.01170982329865115,-0.12592379600675788,-1,-0.13585745428823226,-0.2770367340240669,-0.0026430242590007266,0.05350889373236305
4,0.6610202020202021,0.31810801916474796,0.18349869789469017,-0.08520112948192421,0.009724154315703453,-0.12780430643520194,-1,-0.0786210151510606,-0.16205272977695157,-0.006655655685979881,0.09381917434295906
5,0.6615252525252525,0.26704603760727286,0.15229812919887212,-0.0807226462937241,0.010191462601883295,-0.12723200016399294,-1,-0.04713529649911189,-0.047700563883242744,-0.13533575732602646,0.20254092527287051
6,0.6620303030303031,0.2341858487649969,0.13168474816767584,-0.07725315504071281,0.03313073694393851,-0.10418788803889667,-1,-0.06449247150103865,0.008500602522503039,-0.166708084245352,-0.01078964322355471
7,0.6625353535353535,0.21579802137522833,0.11940389115778703,-0.0744206327214981,0.05356144345603349,-0.08365250357938296,-1,-0.021017765582019857,0.05114823043823916,-0.09255382934575264,-0.09341962544844783
8,0.6630404040404041,0.20955093259037508,0.11397770758174637,-0.07195784519829476,0.05329644928463877,-0.08381297927373176,-1,0.016978990112597677,0.12882091740027443,-0.03315153208799192,-0.051582392992829275
9,0.6635454545454545,0.2148902387483213,0.11491117059763356,-0.06965777294394829,0.04957190119313639,-0.08743316799442355,-1,0.04678173958001683,0.22843073717138734,-0.020222851897549302,-0.03223203417043462
10,0.6640505050505051,0.2332707203262035,0.12277037779620963,-0.06733243217528773,0.04617392190612037,-0.09072694665383457,-1,0.055167049699365055,0.37307209040754247,-0.013126443958774329,-0.021018483458762945
11,0.6645555555555556,0.2685245508767009,0.1393181092679033,-0.06477544809348344,0.04486749990857466,-0.09192932640505488,-1,-0.013809413145613623,0.5912043079293213,-0.008439430372228919,-0.012939397166186715
12,0.6650606060606061,0.32677529214986517,0.16742670185841746,-0.0617149878885952,0.048928754512631394,-0.08776418757512547,-1,-0.25802552033036574,0.8658091549396363,-0.004908959079969961,-0.007219757349599178
13,0.6655656565656566,0.4124314956338615,0.2090371451722511,-0.05774724829844122,-0.05643797154115706,-0.05643797154115706,0,-0.3319890863479469,-0.7565903593035721,-0.0008936048079960279,0.0037830120396098836
14,0.6660707070707071,0.5099113552466646,0.25608211751942805,-0.05227957984742176,-0.052114672977465915,-0.052114672977465915,0,-0.2941439296019211,-0.19090449713808413,-0.0039533228460420546,0.0072284672203306805
15,0.6665757575757576,0.5550762425743732,0.2766227801063383,-0.04471803860096504,-0.044092712685092475,-0.044092712685092475,0,-0.23318641458521366,-0.07367565090798932,-0.005435957251411845,0.00676512816813806
16,0.6670808080808082,0.4903654787412953,0.24273697322448573,-0.03544308683954381,-0.03195391332370811,-0.03195391332370811,0,-0.20256263957036544,-0.04589242357788158,-0.002615453399890047,0.00547853779127356
17,0.6675858585858586,0.3696017055176947,0.18176750866982694,-0.026565814927994036,-0.022004209552241343,-0.022004209552241343,0,-0.16289286942242312,-0.044077680985832424,0.0023472184389225557,0.005995145444615659
18,0.6680909090909092,0.2664730969653107,0.13010238471372557,-0.019841118942006325,-0.020975227180201873,-0.020975227180201873,0,-0.11766405381814571,-0.04174989269555649,0.008599889930033312,0.00870978165177287
19,0.6685959595959596,0.19804507375097924,0.09584341299769412,-0.015265046098987331,-0.023801999130190085,-0.023801999130190085,0,-0.07363133384530712,-0.03447326886528257,0.016009897869832965,0.01512338411807067
20,0.6691010101010102,0.15640314255429488,0.074856392540889,-0.012189052083731122,-0.027117422380642058,-0.027117422380642058,0,-0.03469753996402711,-0.02255288896781504,0.02310792436448183,0.030519901621537816
21,0.6696060606060606,0.13256417840737778,0.06256857186487291,-0.010069036750747783,-0.02648950293412765,-0.02648950293412765,0,-0.006541096041867989,-0.010233441331917278,0.004501180715716892,0.0639404075740246
22,0.6701111111111111,0.12108089820782131,0.05616445519756111,-0.008542980439446644,0.022759899827587516,0.022759899827587516,0,0.017589150258955414,-0.013745473076868896,-0.033222356931901294,0.03705770547803016
23,0.6706161616161617,0.11968558917391894,0.054343118956749877,-0.007352784777288969,0.019266478369879846,0.019266478369879846,0,0.05602381955451646,-0.022637470902188168,-0.026322459095334556,0.015880912251286003
24,0.6711212121212121,0.128899511448648,0.0570311932681634,-0.006261620470005631,0.01498136773498185,0.01498136773498185,0,0.10449805249249575,-0.026999160267629597,-0.0177569230397029,0.007808632483021132
25,0.6716262626262627,0.1526896230197959,0.0655089645124664,-0.004965664378538852,0.011188314219335544,0.011188314219335544,0,0.1606533317372861,-0.024716691777664904,-0.010628088047303159,0.004157925039620442
26,0.6721313131313131,0.20050838732886786,0.08298567520644556,-0.0029630719406528467,0.00959937316629382,0.00959937316629382,0,0.22360035565380107,-0.013349112443124672,-0.004709368175467882,0.002580403693084456
27,0.6726363636363637,0.2867641900354784,0.11387699506627827,0.0006417884643107357,0.01794470869723139,0.01794470869723139,0,0.2880139329053244,0.008252662326720523,5.5738831824094753e-05,0.002243008531299001
28,0.6731414141414142,0.39117625757548735,0.1482229099482807,0.0070563251541916104,0.03658666796547757,0.03658666796547757,0,0.3491131193407034,0.00487657485194791,0.003340883818507797,0.0028114678260134926
29,0.6736464646464647,0.37153530046446254,0.13356675633244627,0.015832121405706303,0.04991557962743507,0.04991557962743507,0,0.5776346958788298,-0.17439498801933265,0.0031616052915241738,0.0030065854718800255
30,0.6741515151515152,0.23543263444029416,0.07982918674628255,0.023126969735485,-0.052929403183758716,0.08192023946468827,1,0.22344555207307742,1.269729083618707,0.0029712870313851445,-0.004539191754181681
31,0.6746565656565657,0.13693519583005065,0.043525423247355394,0.02700170588038743,-0.04578422738095358,0.08896446630532151,1,-0.15570788750894435,0.6938640552227322,0.007324192291388366,-0.01095302767937002
32,0.6751616161616162,0.0865194503923988,0.025614970120919334,0.028528772500808347,-0.0471498092754926,0.08749808647711434,1,-0.18340740968250113,0.3996150818978345,0.01362446731295591,-0.018917955014733652
33,0.6756666666666667,0.06129168673396772,0.01678978427231077,0.028942671529499447,-0.051001984863910194,0.08354526364485779,1,-0.1406398631589915,0.2412223191001217,0.02275872907112137,-0.02872096679304712
34,0.6761717171717172,0.048616884388822446,0.01223791637867455,0.02900277871957008,-0.05555339689646398,0.07889335472063168,1,-0.08883039733179435,0.14254340278382402,0.0364541464457448,-0.04332852233311239
35,0.6766767676767678,0.04307697211529877,0.00989315228222708,-0.11861178406657356,-0.059891639587008064,-0.059891639587008064,0,-0.05180822097099218,-0.050167129047281954,0.04774230252204981,0.07022991710419506
36,0.6771818181818182,0.04282097931974734,0.008904720787249945,-0.11787591087774102,-0.058601291149445164,-0.058601291149445164,0,-0.0102794655227015,-0.008887376182184463,-0.027002439229256485,0.2924776038907298
37,0.6776868686868688,0.048415424422707035,0.00904205846353455,-0.11625710436396273,-0.009150727969058579,-0.14329688766260912,-1,0.00013232854970851116,0.062068316617716814,-0.16644532802338832,-0.3100818845910001
38,0.6781919191919192,0.063716385712165,0.010593032955973424,-0.11298985267896804,-0.010283186751934344,-0.14432944760595798,-1,0.041812718073569795,0.1701413623050361,-0.0599238318571492,-0.12076607363256377
39,0.6786969696969698,0.09857208813782453,0.01445248070986874,-0.10647951685320457,-0.011050402380138595,-0.14499691307353502,-1,0.0786535426783172,0.2973437677771831,-0.03610890107184155,-0.06973461968870241
40,0.6792020202020203,0.14939831672801884,0.01913019014248026,-0.09473595640862416,-0.005658460217244342,-0.13950536909724315,-1,0.09320040013327051,0.434695873621849,-0.025155035491694008,-0.04352313361226558
41,0.6797070707070707,0.11539031881408546,0.012774179649510503,-0.0813836068918196,0.005089558738253873,-0.12865789634489247,-1,0.14993975218357186,0.5647172788440813,-0.018508209696407485,-0.028434584496934513
42,0.6802121212121213,0.05149793026340501,0.004876656039867497,-0.07278410519647276,0.00869214415754156,-0.12495600481559514,-1,0.31444009554516344,0.8626482968997086,-0.012040527334292811,-0.01775536244391869
43,0.6807171717171717,0.02404497859407634,0.0019258243430666613,-0.06810779453105092,0.007253519236707517,-0.12629547098453864,-1,0.5739705985046775,1.7957873358385612,-0.005997691022981604,-0.008639745950362201
44,0.6812222222222223,0.013102469204719235,0.0008771203478692125,-0.06535863569477515,0.02548400794990693,-0.10796597054981874,-1,-9.629969183902753,5.9655754742372835,-0.001095218802731681,-5.7437947215045703e-05
45,0.6817272727272727,0.00815419409497471,0.00045083603245406876,0.08315200861325305,0.05822074178791026,0.05822074178791026,0,-1.0325572282680293,0.9906309014211939,0.005462578664428099,-0.003310717791025993
46,0.6822323232323233,0.0056436122586347405,0.0002547977994629621,0.08441035438503106,0.05305457927775539,0.05305457927775539,0,-0.646292147316855,0.4068553794759497,0.013949934488109519,-0.006836285590439648
47,0.6827373737373738,0.0042634351751279055,0.00015559580484261624,0.08545802498955518,0.046621422232990456,0.046621422232990456,0,-0.4439135653845368,0.21670929594242205,0.025124422083357478,-0.009937392653625426
48,0.6832424242424243,0.00347407808783092,0.00010164535982283309,0.08645850911078828,0.039722393000577935,0.039722393000577935,0,-0.30661770693725454,0.12209035487203372,0.04026220977162494,-0.012777331471033096
49,0.6837474747474748,0.0030335854246696593,7.078360666085656e-05,-0.05868811229422649,0.032617879049548756,-0.10033923489469788,-1,-0.2085789245820754,-0.1718872256756917,0.060082542774806375,0.058354225612183556
50,0.6842525252525253,0.0028307461943874266,5.2686771000086274e-05,-0.05716155031034589,0.025658216637331352,-0.10720076093902565,-1,-0.11568713717516466,-0.10249617566600529,0.09854946200095677,0.11130075472019259
51,0.6847575757575758,0.002813110020864844,4.219266160531983e-05,-0.05496439208736701,0.020687787788691053,-0.11207319818289808,-1,-0.03700892927337399,-0.033324111883722606,0.19687515742489795,0.35968843502705655
52,0.6852626262626264,0.002910899334395912,3.613044805630168e-05,-0.051435036565730015,-0.05998846847414228,-0.05998846847414228,0,0.022429075546175813,0.02325268340091539,-0.32057224151357755,-0.13529601491859206
53,0.6857676767676768,0.0028125388431159744,3.034434422581414e-05,-0.04575494839974992,-0.06212890876263599,-0.06212890876263599,0,0.10355815634092705,0.06806511501453201,-0.11973726647346834,-0.05539476584291489
54,0.6862727272727274,0.0019452117698743213,1.9576118307248906e-05,-0.03920054479193413,-0.0655694833232604,-0.0655694833232604,0,0.20897880411840208,0.12494111782463219,-0.07403277816971683,-0.03394020197206679
55,0.6867777777777778,0.0009482373375917687,9.519777296525742e-06,-0.03703243352856379,0.05965083341076722,-0.07271962738551466,-1,0.3528950694357704,0.2138235102010131,-0.05159502377834184,-0.024443206703654775
56,0.6872828282828284,0.0005479129130003215,5.595376185800128e-06,-0.04073915551436456,0.04744721565059885,-0.08482597257414798,-1,0.5495694430940934,0.37730710059213396,-0.0354817135000069,-0.0188422982357753
57,0.6877878787878788,0.00048562433647586517,5.109827714029501e-06,-0.045677614442588464,0.03426385826207029,-0.09791220024786493,-1,0.8352681415955953,0.7026455261124863,-0.021986913551550802,-0.013414567012776484
58,0.6882929292929294,0.0005466079035071869,6.216468921977218e-06,-0.04887429674104696,0.02360567915850229,-0.10847339217887167,-1,1.35940072827485,1.5824913395709213,-0.010723187185265843,-0.007116230737020222
59,0.6887979797979799,0.0006626981783412636,8.45607430458616e-06,-0.05047031983441267,0.028352265826581884,-0.10362996056693043,-1,-1.424917406344408,9.080692169745076,-0.001956488765080532,-7.633216984455781e-05
60,0.6893030303030303,0.0008212144441578424,1.193759307665933e-05,0.09398000079855096,0.06359568828688507,0.06359568828688507,0,-1.6146789506528796,1.4437007965627109,0.007078487622178499,-0.0023363099597029377
61,0.6898080808080809,0.0010300917061452331,1.7092416102014977e-05,0.09383876617382347,0.057937220518540576,0.057937220518540576,0,-0.8693647688306038,0.5432177283228986,0.016416620373652636,-0.00578449870188308
62,0.6903131313131313,0.0013094173981647922,2.469832299004571e-05,0.09409745095100629,0.05160410080377214,0.05160410080377214,0,-0.5455457730264117,0.2884454007984214,0.02719427141628482,-0.008768230970933811
63,0.6908181818181819,0.0016924364148198593,3.604452588310216e-05,0.09467461556590898,0.045651344244087726,0.045651344244087726,0,-0.353922477153171,0.17028781173131244,0.04032047433774634,-0.011544489816151986
64,0.6913232323232323,0.0022319287768474785,5.3246167461970084e-05,0.09555195055528795,0.0403227736859496,0.0403227736859496,0,-0.2204943975199836,0.10321875494461417,0.058187042383767804,-0.01441205414271396
65,0.6918282828282829,0.0030121812144478497,7.97884707611945e-05,0.09675774949331678,0.03600021618295652,0.03600021618295652,0,-0.1191448428334557,0.060877584578214954,0.0878779424246949,-0.017594423548175708
66,0.6923333333333334,0.004167381013360031,0.00012141189890039063,0.09836671258561436,0.03450240621378126,0.03450240621378126,0,-0.04000737816288398,0.03181734903666105,0.16334574319428516,-0.016463946338159
67,0.6928383838383839,0.005901400590203853,0.00018727717101891996,0.100511254769981,-0.06290357753614002,0.06830897221528508,1,0.016190084057048214,0.0029637988019617107,0.16613876187610072,0.45647471488435476
68,0.6933434343434344,0.00847523868792578,0.00029025695559811937,0.10340063216582086,-0.04887386258062791,0.0822431083259731,1,0.07333161712821565,-0.0450417367416894,-0.07894176219593116,0.13313378052462085
69,0.6938484848484849,0.012042204628367274,0.0004413832952502841,0.1073310367517676,-0.048612538735655776,0.08240899246930555,1,0.1410442175505106,-0.0976492113036312,-0.05147952643460878,0.06616939160203802
70,0.6943535353535354,0.016134748047489662,0.000628356660943556,0.11261754723034889,-0.04832918391258452,0.08259704643029674,1,0.22006124402688132,-0.15986194457210187,-0.03407185164500908,0.04123845730939704
71,0.694858585858586,0.01917961282711672,0.0007885390579195619,0.11929520544965844,-0.04741320367593065,0.08341786434168791,1,0.3216194951413859,-0.24332567859988796,-0.022563967576106413,0.02774575260667344
72,0.6953636363636364,0.019640897392399683,0.0008472577736337544,0.12665455711058907,-0.04648135580142408,0.08425468812588667,1,0.4751141745612423,-0.37046892446316343,-0.014093070966118181,0.01853330014214732
73,0.695868686868687,0.01790913216855757,0.0008055601668105937,0.13345271701962444,-0.04594180455821056,0.08469935321276095,1,0.7727708772664861,-0.6050922070623328,-0.007180654675850237,0.011243346111051846
74,0.6963737373737374,0.015466926418195519,0.0007209110161971413,0.13892398778700318,-0.04356929490012235,0.0869771143483655,1,1.8390934338869227,-1.246677311522556,-0.0013167925610594745,0.0049500607153814035
75,0.696878787878788,0.013265593972069603,0.0006369621641658755,0.14307118116430032,-0.0012330150696060783,0.1292187829910105,1,1.3220450536480717,5.149157619064544,0.0030590335510513756,-0.0019530603103920872
76,0.6973838383838384,0.011577911833444128,0.000569845209424956,0.14621221069786994,0.004857182590036476,0.1352145064990181,1,-0.566542092830502,1.6061786027813276,0.00902754861064686,-0.010923362219653116
77,0.697888888888889,0.010381090761950668,0.0005216403257717032,0.14865956618350198,0.0025495366701895022,0.13281252316625988,1,-0.4280212550809019,0.8443292356103117,0.01686390782744805,-0.02053777724029837
78,0.6983939393939395,0.009585658914168852,0.0004900958629694867,0.1506426348219351,-0.0009608382608603822,0.12920794726437065,1,-0.3018809161314281,0.5212553774309332,0.026833701004690697,-0.03164767762107667
79,0.6988989898989899,0.009112822473371366,0.00047244831655899325,0.15231779479046648,-0.004870482509464969,0.12520423819120416,1,-0.20282237914968668,0.33567422026888627,0.040380865682889934,-0.04615136636825222
80,0.6994040404040405,0.00891066367692756,0.00046660557564950634,0.15379154112374424,-0.008795676247053468,0.12118511548039126,1,-0.1214923182818686,0.20997735214447577,0.06175969210635058,-0.06880001815543191
81,0.6999090909090909,0.00895239830350687,0.00047147723327630754,0.15513904165587575,-0.012074121635427097,0.11781287667604193,1,-0.05274057631104557,0.11484578810938609,0.1083443936891272,-0.11644506647725666
82,0.7004141414141415,0.009231387771945416,0.0004870502949884216,0.1564169281856241,-0.009151731637602934,0.12064160852189865,1,0.0030986656148692033,0.03492700053900586,0.40569626403355785,-0.294272522991978
83,0.7009191919191919,0.009757565055221781,0.0005143465975065369,0.15767187831372934,0.033686002015071145,0.16338581899421828,1,0.047931385997287544,-0.056793810937090655,-0.01766512869923216,0.41345717254315695
84,0.7014242424242425,0.010556867229418357,0.0005552842444783971,0.15894638667509048,0.0330895340417476,0.16269596252060015,1,0.1102178624067355,-0.16096742582404328,-0.05217155941492737,0.16030076506700683
85,0.701929292929293,0.011673847192429228,0.0006124829386692087,0.16028277156437817,0.02964614682805276,0.1591593211959565,1,0.18795984610534133,-0.2750136152014375,-0.03761433494417727,0.09084002513969437
86,0.7024343434343435,0.013175893443810593,0.0006890878109932629,0.16172634109674902,0.02588689568496308,0.1553069500413859,1,0.2867906627818258,-0.4130460601808299,-0.02560181132983855,0.057709078410180074
87,0.702939393939394,0.015154539059631177,0.0007886430445868107,0.16332862490161895,0.022325585451489105,0.151652653606854,1,0.42608455420988395,-0.6049844746108167,-0.01611907613082296,0.03748013712341047
88,0.7034444444444445,0.01771447231210821,0.0009148178527588517,0.16515140882023804,0.019418016737092175,0.14865223221360743,1,0.6687183177928625,-0.9307785658045976,-0.00835535019665448,0.02316369908383035
89,0.703949494949495,0.020933898205840153,0.001070281269941346,0.16727167125587838,0.01849967930577052,0.14764117533825677,1,1.352482658232006,-1.7011492969948525,-0.0019191852260284827,0.011835446032142776
90,0.7044545454545456,0.024775136067921612,0.0012533711591710306,0.16978591148822628,0.03682849011906477,0.16587739965577916,1,8.355080756587908,-0.6341958969758641,0.0029966585578221146,0.0017097864669773219
91,0.704959595959596,0.028941771666043878,0.0014514348417530147,0.1728088653900624,-0.06294443230918241,0.19496847909773252,2,0.08825296330665226,3.2094235939043636,0.007451235233708342,-0.010556819935248865
92,0.7054646464646466,0.032759872676254666,0.0016334795147543032,0.17645523394062174,-0.06171298507214063,0.19601528342344215,2,-0.2618523402471369,1.5446358181974607,0.013781258991002453,-0.024007987059367415
93,0.705969696969697,0.0352924628292329,0.0017528863274296094,0.18078691216402434,-0.06221436271794128,0.1953295270532739,2,-0.22270746084568935,0.9448805344144942,0.021748878901653165,-0.03953026167207615
94,0.7064747474747476,0.03582711090842629,0.0017709047519162797,0.185721711992535,-0.06309488531992015,0.19426488934729935,2,-0.1608344463529499,0.6240203911363029,0.03243419937794283,-0.05941232280337802
95,0.706979797979798,0.034380450504990466,0.0016862105380294258,0.1909637443473026,-0.06421293497852333,0.19296298764009906,2,-0.10185267949148726,0.4120687998665606,0.04885706058171198,-0.08858644546672576
96,0.7074848484848486,0.03163203633553192,0.0015362681209151025,0.19607395583343448,0.06318381509627705,0.19167998162730884,1,-0.0473417577360849,0.25194123247192546,0.08126817399161278,-0.1411827713716711
97,0.7079898989898991,0.028395183731002402,0.0013689208351042325,0.20067545093362665,0.06368777282865544,0.19209227554655073,1,0.0021958322636812283,0.11801825600762461,0.1971425567055898,-0.2795324579624923
98,0.7084949494949495,0.025231229072176793,0.0012166673559118476,0.20459674777612719,-0.03438735926031352,0.22223857991933885,2,0.04394764674663076,-0.009353794916058603,0.9647503654564825,0.5915506079357984
99,0.7090000000000001,0.02241341414911596,0.0010906894587290404,0.20785093436175472,-0.01871280598813195,0.23773032774696223,2,0.09128465410737951,-0.15524525294166475,-0.0012584657978792879,0.33740682816120726
