frequency,n_eff_real_nrw,n_eff_imag_nrw,n_eff_real_dft,Z_eff_real,Z_eff_imag,eps_eff_real,eps_eff_imag,mu_eff_real,mu_eff_imag,S11_real,S11_imag,S21_real,S21_imag,branch_m
0.6,0.07366339984327586,0.22949698577727337,0.08594762582396173,2.821220507211103e-05,-0.5131639789872914,-0.4472116997482547,0.1435720738171383,0.11777166459399811,-0.037794928753281075,-0.5831345599937667,0.8124305502866119,-0.00010281883060989413,-6.10385597896413e-05,0.0
0.6020408163265306,0.07465863460806277,0.22064121289155217,0.08349867176137893,1.0361713472151598e-05,-0.4313325979950582,-0.511529664806783,0.17310060792747556,0.09517052117267395,-0.032200416607231344,-0.6862846394711524,0.7273570757966155,-0.0001125029996579379,-9.893723795982607e-05,0.0
0.6040816326530613,0.07524195025726194,0.21060735414816859,0.08590091754225397,1.8633042715392508e-06,-0.35540838090025906,-0.5925773588594839,0.21170872284607697,0.07485175894213537,-0.026741227291128693,-0.7757045325122353,0.6311014648163671,-0.00012092500748798224,-0.00014858603032781296,0.0
0.6061224489795918,0.07563202949520453,0.19694122024345154,0.0854208518634776,2.0580728336645116e-06,0.2837996591016769,0.6939464597268693,-0.26649292512275913,-0.05589169551193456,0.021464749507282232,-0.8509192367838868,0.5252892205099285,-0.00013782892555577227,-0.0002372630621001408,1.0
0.6081632653061224,0.07514791201533168,0.17867382827471173,0.08472490248664433,2.3592449661047416e-06,0.2151846484373491,0.830331779979004,-0.34921614346080204,-0.038447687629915996,0.01617109856314992,-0.9114852702005433,0.4113215233622301,-0.00017819327459625428,-0.0004136039880813573,1.0
0.610204081632653,0.07449775489025015,0.15457977436682058,0.08458594575490762,1.5856215065698069e-06,0.14831789541630813,1.0422246779331963,-0.502273188999114,-0.02292682868277226,0.011049595323576597,-0.9569469426497269,0.29025094582982736,-0.0002482425085682702,-0.0008192907008517663,1.0
0.6122448979591837,0.07424146730804422,0.12069766046960564,0.08460651242314703,1.728687796277635e-06,-0.08168749940450541,-1.4775343863148642,0.9088786172295482,0.00985961840805462,-0.0060643911679427774,-0.9867423486497976,0.16230386859924434,-0.0003188783090158231,-0.0019384146696747914,0.0
0.6142857142857143,0.07402264313512096,0.04855907410305444,0.08466644139350121,2.0491267741096937e-06,-0.011949618398032082,-4.062588244842599,6.195257909295029,0.0005804140870732011,-0.000884442834579534,-0.9996823105623278,0.024681621173243348,-0.00014422370399757718,-0.006179558197015529,1.0
0.6163265306122448,0.14753669123770527,0.04357837364474375,0.08526589975570432,1.3099582930131036e-05,0.07740738018467287,0.5632969336593029,-1.9058817380312296,-0.0033713550674263023,0.011420999608345266,-0.9856969503833087,-0.1612000777027581,0.00801444586272709,-0.04857717496946234,1.0
0.6183673469387755,0.22055410998002742,0.03655719291119981,0.16472417120221977,2.672061875089494e-05,0.0948502683418722,0.3860750607935081,-2.3251783855856356,-0.003461566215166171,0.020920593346322777,-0.9755463567157244,-0.20390073061485564,-0.016909462388880418,0.08041219838354734,2.0
0.6204081632653061,0.2198321343436581,0.03457765528634733,0.16599888884341713,7.757433373886205e-05,0.2507517349785198,0.13816718277309853,-0.8766496316978246,-0.008653353723184678,0.05512597142927441,-0.8389310223012666,-0.4976731437098125,-0.11268445381663249,0.18934224964618054,2.0
0.6224489795918368,0.29213390116495214,0.030642388376956622,0.24049904109808137,5.8102766868923656e-05,0.14259241309443677,0.2157297131469811,-2.048645929557661,-0.00435239831369327,0.04165785832135039,-0.9358638689856438,-0.3144291222051148,0.05084849940094969,-0.15073281902827498,2.0
0.6244897959183674,0.29117891690626874,0.04880596440589899,0.24336895534942315,2.606481035738044e-05,0.29031604398092514,0.1682032643544891,-1.0029570833474608,-0.01416156498574521,0.08453518336508502,-0.830040472320839,-0.5420927913672847,0.07184152861823764,-0.10967755907566754,2.0
0.6265306122448979,0.2902348252060891,0.02803742494720741,0.24451125587474226,0.0001820245392992211,0.5938642946338057,0.04736163133815194,-0.4887079537353334,-0.01659759572927487,0.17236520324853918,-0.3609338529449448,-0.7894708521754931,0.45191526093680445,-0.20566106322560782,2.0
0.6285714285714286,0.3616005177656317,0.03683355861878452,0.3091139487083938,5.3876570789412606e-05,0.278330965151814,0.13258874120496048,-1.299148925602659,-0.010232438124449324,0.10064660557493228,-0.8175857800245785,-0.5351818006891388,-0.11659181331679312,0.17762560909040007,3.0
0.6306122448979592,0.3604324780910262,0.052940671780678336,0.3191899809743715,2.366033891587723e-05,0.44693523040864136,0.11849536351569029,-0.8064472208221709,-0.023652523385697805,0.16109122523660713,-0.6524083244206245,-0.7432668761560701,-0.1114603762591456,0.09755863204431077,3.0
0.6326530612244898,0.35927263528944964,0.04469348804334496,0.3198419712858243,4.8492086640649925e-05,0.636573066061646,0.07025251051406188,-0.5643801909831845,-0.028433248836983546,0.22870545027874695,-0.39617550344826247,-0.8825340867303464,-0.23135496583209608,0.10342198104138386,3.0
0.6346938775510205,0.304514329730333,1.4080971123035735e-05,0.32209863529236904,0.24580685062611252,0.00034096061661516877,1.2388335092421117,-0.0016611110106640463,0.07485170356047814,0.0001072885927985198,-0.7326508846610085,-0.33508993265058334,0.24691213981046284,-0.5384952210446146,2.0
0.636734693877551,0.2855794218198604,0.05062028275795657,0.3898750246140261,2.538778765005459e-05,0.5757496765046082,0.08794251634480539,-0.49600929155128115,-0.029137361192746902,0.1644235448661471,-0.48487873222607586,-0.8547289841197311,0.16133506773320438,-0.09122475729171686,2.0
0.6387755102040816,0.284669624098371,0.05457457625120518,0.39334626521082755,2.2814691601735427e-05,0.7561529376552966,0.07218535107417653,-0.3764687843368773,-0.04126023150395959,0.2152550176253387,-0.2644627450764186,-0.9489949194037521,0.1655221739370949,-0.04585557968487653,2.0
0.6408163265306123,0.283765616535663,0.038752910889197786,0.3937518413063214,1.0783668464284605e-05,1.1059401629748997,0.03504319590758221,-0.25658281355670115,-0.04285534055022089,0.3138282100966671,0.08810620928654098,-0.9338773832311787,0.3450638500990783,0.033157434891966694,2.0
0.6428571428571429,0.3535604818135634,0.02514879450381585,0.39574318069725367,0.00014448222110664997,0.46421764954434763,0.05441161829118358,-0.7616096041353186,-0.011623431069727241,0.16413264939294755,-0.4916885132238681,-0.7209320524558966,-0.4037869386538231,0.2746904663824016,3.0
0.6448979591836734,0.35244961048148454,0.05219888483915289,0.46054039303404,1.3855142817835619e-05,0.9026018322473599,0.057837568175903104,-0.3904809369333608,-0.04710992585739902,0.3181223874184606,-0.09839025643390586,-0.9763742508714959,-0.19149503220222522,0.019007150592928995,3.0
0.6469387755102041,0.3513403694970375,0.05325960774047223,0.46521858765190577,9.849602046496691e-06,1.1599961995116836,0.045916177150097666,-0.3028802313221944,-0.06177748200360842,0.4075540179375356,0.14244195122846529,-0.973065678182249,-0.17938923415542887,-0.026556195282057937,3.0
0.6489795918367347,0.35023843019568457,0.03497352309277355,0.4654852872743278,0.00021229084397346025,-1.7766153460646814,-0.019661921796922,0.19714036863267398,0.062208850244507195,-0.6222315453085228,0.4554779721246864,-0.8190494917601259,-0.3046462974167135,-0.1701391843379422,3.0
0.6510204081632653,0.41894569893226336,0.025702727961958216,0.4665520439377185,8.949842972175155e-05,0.7269051137594394,0.035430084006119925,-0.5763372963888983,-0.018645949410922045,0.3045360712951769,-0.21440927415277777,-0.8049283811402442,0.5348061503508448,-0.14175792737477622,3.0
0.653061224489796,0.41764794206121714,0.049231472937974925,0.5223483568990916,1.5839140780896928e-05,-1.3714515557626188,-0.035893830324036424,0.30453026855652104,0.06752519533782213,-0.5727831401166816,0.29293174597626337,-0.9340361697825488,0.19495571562165498,0.061480731638756725,3.0
0.6551020408163266,0.4163495009945705,0.04875054127144444,0.5351371230831341,3.966534018538235e-05,-1.8269354842842698,-0.02667937764316818,0.22789560048655597,0.08908060837145958,-0.760641743524226,0.5205680953035186,-0.8336982619101246,0.15622177965561798,0.09791508942407513,3.0
0.6571428571428571,0.4150623533725126,0.026861732041875606,0.5354518620506895,0.0017280874211850136,-3.358587634463133,-0.007934336298323108,0.12358649223265385,0.09093474510797603,-1.3939768681468354,0.7439029948360626,-0.5791458906352018,0.20441468516769207,0.2635842085995726,3.0
0.6591836734693878,0.48271293965361983,0.02359508344133546,0.5359353078743366,7.250676335661059e-05,-1.1306048306583014,-0.020842053620686207,0.4269524043713896,0.02671171527144421,-0.5457558705905202,0.07654060776878557,-0.7898427353433751,-0.6055954309133393,-0.05946447972968068,4.0
0.6612244897959184,0.4812370995708421,0.0423625890404547,0.5612511664498124,0.000176913688379896,-2.3019388740249944,-0.018386936409147975,0.2090587017326486,0.09760122794683818,-1.1077708926032819,0.6521801837835459,-0.7282499022077122,-0.15662498158803756,-0.14073734260155116,4.0
0.663265306122449,0.47975967497382654,0.03703577759167435,0.6034310584279742,0.000605926725337986,-3.6100362529817973,-0.010236808905199072,0.1328978004953967,0.1339911989721214,-1.7319273784068412,0.8260614081164865,-0.5301428616920608,-0.10306076766557574,-0.1612210802972208,4.0
0.6653061224489796,0.5034915420947097,1.3741221599718792e-05,0.6039870643028227,5.346089966099306,-0.01125510026280838,0.09417897655251957,0.00020084492632106612,2.691711235867221,-0.00559338598083576,0.9099133089631293,-0.14325413361317985,-0.059792464276208226,-0.3847517333687701,4.0
0.6673469387755102,0.5449323464725434,0.023004153747624816,0.6043099786535618,0.0015288045765069912,-2.667134686970764,-0.008507928217595785,0.20431864805862823,0.06218827146987257,-1.453372794473763,0.5943559748918839,-0.6601664158960912,0.34083468959735946,0.30781710034362053,4.0
0.6693877551020408,0.5432824226098109,0.023763041460599398,0.6162638866550789,0.006050987558082779,-7.086663398099188,-0.0032877446551093097,0.07666546104864239,0.17168807132608024,-3.849915869271381,0.9213389779682585,-0.3315889303439264,0.06840628033954431,0.19114447130531673,4.0
0.6714285714285715,0.572515945343496,2.9472816076433965e-06,0.6704172685843034,8.360212793302837,-0.015670523892698594,0.06848078421941046,0.0001287140738535592,4.78635517681601,-0.00894698489905449,0.9708070641095781,-0.03131468121280253,0.007216116209795256,0.23780812427033132,4.0
0.6734693877551021,0.6101507560883683,1.7287523053944777e-05,0.6715978763702806,2.654695156261113,-0.022359847198836488,0.22982199154448166,0.0019422464100106644,1.6197646433232213,-0.013596984570675407,0.027496216903083733,0.13931482807080892,-0.9720749851117393,0.18694336718806914,5.0
0.6755102040816328,0.6329480830769771,9.954691756477958e-06,0.6723458515908477,7.787275308739164,-0.014862873698236783,0.08127948907579177,0.0001564091962666713,4.928941127014456,-0.009329907490992865,0.9619243398644176,-0.07373755221072477,-0.019638509862691035,-0.2624979854284074,5.0
0.6775510204081633,0.6709454603688207,0.01195022954303578,0.6785422789489677,0.07070506777111848,-12.840103070585117,-0.0006429359361234073,0.0522574402642377,0.20088142329583247,-8.61416392408712,0.9242147590268394,0.28514305102829685,0.0753874880813684,-0.24266280018846204,5.0
0.6795918367346939,0.6688754912647693,0.00928769443144782,0.7371191812068879,0.0011750491620980139,-1.4076965452420576,-0.006201163661643073,0.4751611987666828,0.013860216949971556,-0.9415628047529403,0.06187208492122361,0.4259176386974182,0.8936257169740486,-0.12747511528144434,5.0
0.6816326530612246,0.6202991874401952,2.619559362656282e-05,0.7964722226589211,6.689701400846047,-0.017829481284748008,0.092723826412789,0.00025104458639831247,4.149616810216185,-0.010884372054029746,0.9160509680344279,0.19189856146515105,-0.07286980830647914,0.3445856846191125,5.0
0.6836734693877552,0.5984175293929542,0.02655547642441383,0.8009838031867617,0.0022817148492823517,-3.576654082671919,-0.007317930850763369,0.16731677511776188,0.09634517133356438,-2.1402719076208654,0.7748202413118109,0.5529721400517198,-0.17851912387456292,0.2490850236033959,5.0
0.6857142857142857,0.5966291001509851,0.022624918892490978,0.8017404650528261,0.0006767654384308081,-1.630676463913371,-0.01372271064105676,0.3658839753996503,0.03729770069047827,-0.9728937195388713,0.30741370876573176,0.7631233812918864,-0.5277569894999123,0.211311305725679,5.0
0.6877551020408164,0.622901561337817,2.633800452337156e-06,0.803528532906007,1.7698499937586416,-0.0017184082945286856,0.3519512804813767,0.0003432097648069734,1.102442328971928,-0.0010657377779636431,0.4948685828463796,-0.10264553791745835,-0.17368230942786334,-0.8452130451053014,5.0
0.689795918367347,0.6590159398616531,0.013144775482629755,0.8206111395910949,0.017269978842129635,-5.254552806976673,-0.0020893670028313514,0.1254249500186841,0.08045110824736726,-3.46260704664795,0.7146625314249299,0.5073205889700849,0.27955041207873144,-0.3920987890204401,5.0
0.6918367346938776,0.6570537767793497,0.026153373079217262,0.8561757626413271,0.0007591808238894643,-1.9308336736915495,-0.013411317454507654,0.34030065217277244,0.050996636049565766,-1.2686417024924574,0.45841453126616055,0.7640525982769484,0.38978700072925654,-0.23275511521352837,5.0
0.6938775510204083,0.6551155608404009,0.022204393373419996,0.8598628456626422,9.861594002777561e-05,-1.0770087254710614,-0.02056102910689815,0.6082750984204695,0.02397893024382425,-0.7055629855098545,0.04666212179366522,0.78697812183037,0.6142533594052522,-0.03509829825141289,5.0
0.6959183673469389,0.6706172096281491,1.8008851601514702e-06,0.8605752375519474,0.7266419505506244,0.0005402128848873949,0.9228986019997077,-0.0006836390752119748,0.48729859630415384,0.00036358465617384743,-0.1784629377025736,0.1529130405225174,0.6307300729669573,0.7395967877428073,5.0
0.6979591836734694,0.607982620691664,9.291354481086953e-06,0.8615770147330708,2.140759867479868,-0.0031580612267749393,0.28400256054521095,0.00042330241845877736,1.3015448238446157,-0.0019001557821717188,0.5398185222237376,0.23418426313456472,-0.3233234503887947,0.7411401244421153,5.0
0.7000000000000001,0.5844562783672731,0.01800612494172069,0.8663739426133431,0.0023905240585684585,-2.295043652241283,-0.007580393824696233,0.2546680970143209,0.04272199954357786,-1.3413096276044996,0.4391776009282482,0.6718876901549182,-0.49996500633743046,0.3253075251497396,5.0
